,Name,Cloudiness,Country,Date,Humidity,Latitude,Longitude,Max Temp,Wind Speed
0,Ushuaia,40,AR,1561502936,92,-54.81,-68.31,30.2,2.59
1,Saskylakh,49,RU,1561503156,36,71.97,114.09,78.19,12.44
2,Constitucion,90,MX,1561503156,24,23.99,-104.67,79.0,17.22
3,Nikolskoye,0,RU,1561503156,58,59.7,30.79,61.0,6.71
4,Kapaa,75,US,1561503156,78,22.08,-159.32,80.6,14.99
5,Sakaiminato,75,JP,1561503157,68,35.55,133.23,71.6,4.7
6,Rikitea,10,PF,1561502939,84,-23.12,-134.97,72.61,9.75
7,Puerto Ayora,20,EC,1561502926,69,-0.74,-90.35,77.0,20.8
8,Guerrero Negro,31,MX,1561502939,83,27.97,-114.04,63.79,13.87
9,Nyurba,0,RU,1561503157,59,63.29,118.35,70.81,4.27
10,New Norfolk,0,AU,1561503157,86,-42.78,147.06,39.99,8.05
11,Synya,100,RU,1561502940,74,65.37,58.04,44.35,5.48
12,Vaini,100,IN,1561503158,88,15.34,74.49,78.55,2.95
13,Busselton,0,AU,1561503158,85,-33.64,115.35,57.0,29.62
14,Svetlogorsk,20,RU,1561503158,71,53.14,59.15,51.8,4.29
15,Vestmannaeyjar,65,IS,1561502941,90,63.44,-20.27,52.45,15.75
16,Butaritari,100,KI,1561503158,71,3.07,172.79,84.31,9.69
17,Torbay,20,CA,1561503158,71,47.66,-52.73,60.01,4.7
18,Barrow,27,AR,1561503159,57,-38.31,-60.23,41.29,9.33
19,Provideniya,90,RU,1561503159,87,64.42,-173.23,46.4,15.66
20,Bacolod,74,PH,1561503159,76,10.68,122.95,84.13,11.48
21,Lata,72,IN,1561502942,92,30.78,78.62,38.23,0.65
22,Hermanus,81,ZA,1561502942,91,-34.42,19.24,57.99,5.99
23,Itarema,5,BR,1561503160,83,-2.92,-39.92,74.41,6.26
24,Vostok,99,RU,1561503160,78,46.45,135.83,69.37,6.85
25,Hobart,0,AU,1561502943,86,-42.88,147.33,43.0,8.05
26,Beringovskiy,100,RU,1561503160,94,63.05,179.32,42.19,16.08
27,Necochea,4,AR,1561503160,83,-38.55,-58.74,43.0,8.01
28,Hamilton,40,CA,1561502997,57,43.26,-79.87,78.01,14.99
29,Leua,0,AO,1561503161,47,-11.65,20.45,53.35,3.91
30,Carnarvon,0,ZA,1561503161,32,-30.97,22.13,46.87,14.0
31,Bluff,0,AU,1561503162,69,-23.58,149.07,65.59,19.82
32,Faanui,44,PF,1561503162,75,-16.48,-151.75,79.81,14.45
33,Jamestown,0,AU,1561503162,60,-33.21,138.6,55.15,13.31
34,Kitzbuhel,20,AT,1561502948,73,47.45,12.39,71.6,4.7
35,Mataura,35,NZ,1561503163,82,-46.19,168.86,44.01,5.99
36,Nantucket,20,US,1561502934,93,41.28,-70.1,69.01,13.87
37,Huarmey,62,PE,1561503163,86,-10.07,-78.15,63.07,19.73
38,Port Hawkesbury,1,CA,1561503163,58,45.62,-61.36,57.99,8.05
39,Luderitz,11,NA,1561503164,87,-26.65,15.16,51.8,13.87
40,Romitan,0,UZ,1561503164,36,39.93,64.38,75.2,4.7
41,Leningradskiy,85,RU,1561503164,89,69.38,178.42,34.45,15.52
42,Emba,0,CY,1561503164,83,34.81,32.42,78.8,5.82
43,Albany,75,US,1561503152,88,42.65,-73.75,84.2,4.7
44,Nichinan,75,JP,1561503165,100,31.65,131.31,71.6,3.36
45,Kargil,83,PK,1561503165,61,34.56,76.13,39.13,5.95
46,Hithadhoo,89,MV,1561503165,67,-0.6,73.08,84.31,4.29
47,Chuy,100,UY,1561503169,63,-33.69,-53.46,47.77,15.77
48,Chimbote,82,PE,1561502952,90,-9.08,-78.59,62.35,13.96
49,Port Alfred,70,ZA,1561502952,91,-33.59,26.89,59.0,8.01
50,Atuona,0,PF,1561502952,75,-9.8,-139.03,81.43,17.74
51,Fortuna,20,ES,1561503170,83,38.18,-1.13,75.2,3.36
52,Antofagasta,20,CL,1561502953,76,-23.65,-70.4,57.2,13.87
53,Kandi,74,BJ,1561503170,77,11.13,2.93,78.73,4.5
54,Bredasdorp,80,ZA,1561502953,72,-34.53,20.04,60.8,19.46
55,Lavrentiya,95,RU,1561502953,54,65.58,-170.99,50.11,9.89
56,Cabo San Lucas,5,MX,1561502977,24,22.89,-109.91,100.0,4.7
57,Holoby,1,UA,1561502954,92,51.09,25.02,60.01,0.83
58,Fairbanks,75,US,1561503010,35,64.84,-147.72,75.0,4.7
59,Clyde River,75,CA,1561503171,100,70.47,-68.59,33.8,8.05
60,Pevek,2,RU,1561502955,82,69.7,170.27,35.89,23.89
61,Owando,13,CG,1561503171,71,-0.49,15.91,74.23,4.07
62,Camacha,40,PT,1561502955,77,33.08,-16.33,68.0,9.17
63,San Patricio,100,PY,1561503172,83,-26.98,-56.83,47.77,9.01
64,Victoria,75,BN,1561503172,94,5.28,115.24,78.8,1.61
65,Taoudenni,0,ML,1561503175,7,22.68,-3.98,98.17,11.52
66,Shingu,75,JP,1561503175,73,33.72,135.99,73.4,1.12
67,Sao Filipe,0,CV,1561503176,84,14.9,-24.5,74.77,18.79
68,Ballina,2,IE,1561503176,92,54.11,-9.15,57.99,18.01
69,Geraldton,75,CA,1561503176,77,49.72,-86.95,66.2,5.82
70,Ribeira Grande,38,PT,1561503177,73,38.52,-28.7,66.13,15.17
71,Faya,40,SA,1561503177,46,18.39,42.45,75.2,3.36
72,Kviteseid,99,NO,1561502958,93,59.4,8.49,54.0,1.54
73,Georgetown,20,GY,1561502912,74,6.8,-58.16,84.2,11.41
74,Khatanga,100,RU,1561503178,68,71.98,102.47,63.43,11.16
75,Punta Arenas,92,CL,1561503178,92,-53.16,-70.91,30.0,10.0
76,Baykit,92,RU,1561503178,40,61.68,96.39,69.37,1.79
77,East London,98,ZA,1561502963,90,-33.02,27.91,56.05,8.08
78,Saint-Pierre,0,FR,1561503179,88,48.95,4.24,71.6,3.36
79,Mahebourg,75,MU,1561503179,83,-20.41,57.7,73.4,10.29
80,Dingle,75,PH,1561503179,79,11.0,122.67,81.97,4.29
81,Saint-Georges,100,CA,1561502964,91,46.12,-70.67,60.01,14.14
82,Kahului,40,US,1561502938,48,20.89,-156.47,87.8,11.41
83,Aswan,0,EG,1561503180,16,24.09,32.9,96.8,9.17
84,Cape Town,0,ZA,1561503180,71,-33.93,18.42,60.01,9.17
85,Altamira,96,BR,1561503180,93,-3.2,-52.21,73.69,2.62
86,Lasa,0,CY,1561502965,69,34.92,32.53,78.8,8.05
87,Hilo,20,US,1561503181,54,19.71,-155.08,89.01,12.75
88,Abdulino,23,RU,1561503181,88,53.68,53.66,51.91,4.45
89,Batagay-Alyta,99,RU,1561503182,49,67.8,130.41,63.79,4.61
90,Shahrud,60,IR,1561502966,49,36.42,54.97,63.25,3.09
91,Tiksi,3,RU,1561503006,54,71.64,128.87,58.57,3.85
92,Vila Franca do Campo,40,PT,1561503037,77,37.72,-25.43,66.2,12.75
93,Belozerskoye,97,RU,1561503182,92,55.82,65.58,53.71,15.59
94,Hasaki,40,JP,1561503183,88,35.73,140.83,73.4,2.24
95,Barabai,11,ID,1561503183,85,-2.59,115.38,77.83,0.2
96,Bajram Curri,0,AL,1561503183,39,42.36,20.08,84.2,10.29
97,Santa Cruz,1,US,1561502981,27,36.97,-122.03,87.01,13.87
98,Kodiak,1,US,1561502969,51,39.95,-94.76,88.0,13.87
99,Chokurdakh,0,RU,1561503185,29,70.62,147.9,75.85,11.56
100,Chok Chai,100,TH,1561503185,66,14.73,102.17,86.0,4.36
101,College,75,US,1561503189,35,64.86,-147.8,75.0,4.7
102,Hervey Bay,75,AU,1561503189,93,-25.3,152.85,63.0,9.17
103,Dikson,49,RU,1561502970,84,73.51,80.55,33.19,17.72
104,Hofn,75,IS,1561502970,81,64.25,-15.21,41.29,9.28
105,Umm Lajj,17,SA,1561503190,62,25.02,37.27,87.19,12.82
106,Ilulissat,75,GL,1561503190,65,69.22,-51.1,46.4,8.05
107,Magadan,79,RU,1561502971,80,59.56,150.8,46.15,3.04
108,Nangal,0,IN,1561503190,50,31.38,76.38,82.51,3.06
109,Jilib,8,SO,1561502971,96,0.49,42.79,71.89,3.78
110,Pacific Grove,1,US,1561503191,50,36.62,-121.92,87.01,23.04
111,Nandu,90,CN,1561503191,88,31.44,119.33,77.0,4.47
112,Imeni Zhelyabova,100,RU,1561503191,74,58.95,36.6,52.63,4.74
113,Touros,20,BR,1561503192,83,-5.2,-35.46,77.0,4.7
114,Kavaratti,53,IN,1561502975,79,10.57,72.64,82.69,14.54
115,Laramie,75,US,1561502976,35,41.31,-105.59,73.99,11.41
116,Makakilo City,75,US,1561502899,100,21.35,-158.09,80.6,5.82
117,Ouallam,28,NE,1561503192,41,14.32,2.08,91.87,17.81
118,Mahibadhoo,97,MV,1561503193,76,3.78,72.97,83.23,7.7
119,Naze,96,NG,1561503193,96,5.43,7.07,71.53,3.85
120,Souillac,0,FR,1561503193,69,45.6,-0.6,77.0,6.93
121,Bambous Virieux,75,MU,1561502977,83,-20.34,57.76,73.4,10.29
122,Yar-Sale,71,RU,1561502977,68,66.83,70.83,43.09,9.17
123,Binga,0,ZW,1561503193,68,-17.62,27.34,57.67,4.65
124,Abu Dhabi,36,AE,1561503194,75,24.47,54.37,93.2,6.93
125,Cidreira,100,BR,1561503194,86,-30.17,-50.22,56.95,14.72
126,Churapcha,43,RU,1561503194,45,62.0,132.43,65.95,4.97
127,Chiang Rai,20,TH,1561503194,100,19.9,99.84,75.2,3.36
128,Lompoc,90,US,1561502915,77,34.64,-120.46,75.99,5.82
129,Tuktoyaktuk,90,CA,1561503194,69,69.44,-133.03,39.2,20.8
130,Sangar,100,RU,1561503195,58,63.92,127.47,67.57,6.35
131,Labuhan,3,ID,1561503195,90,-2.54,115.51,75.49,0.13
132,Dudinka,75,RU,1561502979,93,69.41,86.18,37.4,8.95
133,Ouesso,70,CG,1561503195,92,1.61,16.05,71.35,2.82
134,Arraial do Cabo,0,BR,1561503196,94,-22.97,-42.02,71.6,6.93
135,Hambantota,100,LK,1561503196,80,6.12,81.12,82.51,19.44
136,Hami,53,CN,1561503196,30,42.84,93.51,70.99,15.82
137,Narsaq,75,GL,1561503196,51,60.91,-46.05,60.8,6.93
138,Olinda,75,EC,1561503197,74,-2.03,-79.75,80.6,5.82
139,Axim,100,GH,1561503197,88,4.87,-2.24,76.21,11.18
140,Gallup,1,US,1561502981,7,35.53,-108.74,86.0,13.87
141,Lokosovo,98,RU,1561503197,57,61.13,74.84,50.83,11.36
142,Gat,0,SN,1561502981,78,14.69,-16.54,77.0,3.36
143,Boddam,75,GB,1561503198,81,57.47,-1.78,50.0,11.41
144,Longyearbyen,75,NO,1561502982,75,78.22,15.63,41.0,10.29
145,Bull Savanna,1,JM,1561503198,76,17.89,-77.59,82.51,5.41
146,Hualmay,60,PE,1561503198,85,-11.1,-77.61,62.89,18.3
147,Phalauda,0,IN,1561502982,65,29.18,77.82,84.85,2.53
148,Inirida,100,CO,1561503198,99,3.87,-67.92,71.35,2.51
149,Sao Joao da Ponte,3,BR,1561502994,48,-15.93,-44.01,67.93,2.8
150,Talnakh,75,RU,1561502995,93,69.49,88.39,37.4,8.95
151,Codrington,57,AU,1561502995,93,-28.95,153.24,57.2,2.24
152,Mamlyutka,0,KZ,1561502995,93,54.94,68.54,64.4,6.71
153,Bubaque,0,GW,1561502995,76,11.28,-15.83,79.81,14.65
154,Cherskiy,0,RU,1561502995,23,68.75,161.3,75.13,5.84
155,Dalby,90,AU,1561502996,82,-27.18,151.26,55.4,12.75
156,Billings,40,US,1561502976,46,45.79,-108.5,73.0,13.87
157,Dzilam Gonzalez,13,MX,1561502764,77,21.28,-88.93,81.97,29.48
158,Ponta do Sol,99,BR,1561502996,66,-20.63,-46.0,67.21,3.15
159,Maningrida,71,AU,1561502996,49,-12.05,134.23,69.01,13.29
160,Port Lincoln,0,AU,1561502996,55,-34.72,135.86,56.23,17.6
161,Arlit,14,NE,1561502997,20,18.74,7.39,94.21,9.98
162,Ust-Koksa,43,RU,1561502997,77,50.27,85.62,35.71,3.2
163,Lagoa,90,PT,1561502997,100,37.14,-8.45,69.01,9.17
164,Itamarandiba,74,BR,1561502824,92,-17.86,-42.86,60.19,3.51
165,Mulege,0,MX,1561502998,37,26.88,-111.98,86.29,9.51
166,Konevo,18,BG,1561502998,63,41.67,25.61,78.01,3.0
167,Ishigaki,75,JP,1561502998,94,24.34,124.16,78.8,8.1
168,Saint George,20,GR,1561502702,69,39.45,22.34,77.0,0.51
169,Port Elizabeth,1,US,1561502998,54,39.31,-74.98,87.01,6.93
170,Khash,0,IR,1561502999,16,28.22,61.21,66.13,6.08
171,Balabac,99,PH,1561502999,70,7.99,117.06,84.85,5.01
172,Santa Maria,75,BR,1561503003,87,-29.69,-53.81,51.8,5.82
173,Norrtalje,90,SE,1561503003,77,59.76,18.7,61.0,4.7
174,Manokwari,79,ID,1561503003,73,-0.87,134.08,79.27,3.36
175,Vahan,0,AZ,1561503004,84,40.58,45.4,52.45,1.77
176,Qaanaaq,97,GL,1561503004,80,77.48,-69.36,35.35,3.4
177,Arona,0,IT,1561502892,73,45.76,8.56,84.0,3.36
178,Ashqelon,0,IL,1561503004,83,31.67,34.57,78.8,3.36
179,Laguna,5,MX,1561503005,24,27.52,-110.01,95.0,14.99
180,Fare,65,PF,1561503005,77,-16.7,-151.02,79.27,12.73
181,Zhigansk,43,RU,1561503005,52,66.77,123.37,74.05,14.09
182,Ixtapa,20,MX,1561503006,49,20.71,-105.21,91.4,17.22
183,Najran,0,SA,1561503006,22,17.54,44.22,86.0,1.72
184,Manglisi,40,GE,1561503006,73,41.7,44.38,77.0,20.8
185,Huaquillas,40,EC,1561503006,33,-3.48,-80.24,89.6,6.93
186,Kharp,100,RU,1561503007,99,66.82,65.8,34.99,3.94
187,Thompson,90,CA,1561502889,82,55.74,-97.86,62.6,6.93
188,Tigil,0,RU,1561503007,59,57.8,158.67,61.99,12.57
189,Willmar,40,US,1561503007,41,45.12,-95.04,80.6,16.11
190,Seoul,1,KR,1561502996,77,37.57,126.98,73.4,2.24
191,Klaksvik,64,FO,1561503008,93,62.23,-6.59,50.0,8.05
192,Podgorica,0,ME,1561502742,39,42.44,19.26,86.0,10.29
193,Neyshabur,0,IR,1561503008,24,36.21,58.79,68.47,4.21
194,Skelleftea,2,SE,1561503008,93,64.75,20.95,52.0,2.24
195,Alice,40,US,1561503008,79,27.75,-98.07,86.0,14.99
196,Coahuayana,23,MX,1561503009,67,18.62,-100.35,85.21,2.53
197,Soe,0,EE,1561503009,82,57.91,26.05,59.0,2.24
198,Baherden,0,TM,1561503009,14,38.44,57.43,75.31,5.61
199,Lebu,40,ET,1561503009,72,8.96,38.73,60.8,2.82
200,Grindavik,90,IS,1561503010,93,63.84,-22.43,51.8,19.46
201,Tilichiki,92,RU,1561503010,93,60.47,166.1,47.95,6.89
202,Jiangyou,100,CN,1561503010,98,31.78,104.73,63.79,2.24
203,Tasiilaq,20,GL,1561503010,80,65.61,-37.64,41.0,9.17
204,Bahia Blanca,0,AR,1561503011,46,-38.72,-62.27,42.91,6.73
205,Viedma,22,AR,1561502752,56,-40.81,-62.99,43.09,5.73
206,Avarua,77,CK,1561503011,61,-21.21,-159.78,77.0,13.87
207,Pleshanovo,94,RU,1561503011,72,57.46,28.17,59.0,2.24
208,Chernyakhiv,20,UA,1561503011,81,50.46,28.67,59.65,2.42
209,Santa Rosa,0,AR,1561503013,43,-36.62,-64.29,45.61,9.66
210,Yellowknife,40,CA,1561503016,31,62.45,-114.38,73.4,6.93
211,Airai,0,TL,1561503016,52,-8.93,125.41,74.05,2.82
212,Changji,2,CN,1561503016,77,32.07,116.17,76.57,4.12
213,Soyo,67,AO,1561503017,78,-6.13,12.37,74.41,12.15
214,Lakselv,98,NO,1561503017,54,70.05,24.96,53.6,20.8
215,Bodden Town,40,KY,1561503017,89,19.28,-81.25,86.0,4.7
216,Ambon,0,FR,1561503017,93,47.55,-2.56,66.99,11.41
217,Tveit,75,NO,1561503018,93,59.92,5.81,60.01,8.05
218,Vaasa,75,FI,1561503018,93,63.1,21.62,55.99,4.7
219,Acapulco,90,MX,1561503018,66,16.86,-99.88,87.8,11.41
220,Santo Augusto,100,BR,1561503018,94,-27.85,-53.78,51.73,13.53
221,Dongdu,49,CN,1561503019,65,35.85,117.7,73.51,8.39
222,Qaqortoq,75,GL,1561503019,51,60.72,-46.03,60.8,6.93
223,Waddan,0,LY,1561503019,25,29.16,16.14,85.03,7.78
224,Ihosy,1,MG,1561503019,95,-22.4,46.13,53.17,4.72
225,Krasnyy Bogatyr,87,RU,1561503019,85,56.01,41.13,48.85,3.27
226,Kargasok,84,RU,1561503020,92,59.06,80.87,60.19,4.29
227,Frogner,75,NO,1561503020,93,60.02,11.1,57.0,1.03
228,Belmonte,15,PT,1561503020,93,40.36,-7.35,56.95,0.38
229,Dunedin,0,NZ,1561503020,49,-45.87,170.5,53.01,5.99
230,Iqaluit,40,CA,1561503020,61,63.75,-68.52,50.0,6.93
231,Rawson,67,AR,1561503021,55,-43.3,-65.11,40.93,13.58
232,Pisco,0,PE,1561503021,30,-13.71,-76.2,71.6,13.87
233,Ngara,75,TZ,1561503021,89,-2.51,30.66,62.71,1.77
234,Jalu,0,LY,1561503021,38,29.03,21.55,81.97,12.37
235,Richards Bay,67,ZA,1561503022,78,-28.77,32.06,66.31,6.71
236,Vieste,0,IT,1561503022,94,41.88,16.18,75.99,11.41
237,Zheshart,6,RU,1561503023,84,62.09,49.59,39.85,2.53
238,Avera,1,US,1561503023,55,33.19,-82.53,91.4,9.17
239,Pangkalanbuun,33,ID,1561502835,97,-2.68,111.62,75.85,3.53
240,Port Macquarie,75,AU,1561503023,100,-31.43,152.91,57.0,6.93
241,Upernavik,100,GL,1561503023,98,72.79,-56.15,33.19,5.08
242,Hovd,20,NO,1561503024,87,63.83,10.7,51.01,10.29
243,Gondar,40,PT,1561503024,93,41.82,-8.78,64.0,10.29
244,Chaplygin,0,RU,1561503024,67,53.24,39.97,57.2,6.71
245,Castro,90,CL,1561503025,100,-42.48,-73.76,44.6,16.11
246,Shakawe,0,BW,1561503025,32,-18.36,21.84,52.45,3.74
247,Poum,32,MK,1561503025,87,41.28,20.71,57.49,4.56
248,Muros,0,ES,1561503025,93,42.77,-9.06,64.0,10.58
249,Monrovia,75,LR,1561503025,94,6.33,-10.8,77.0,8.97
250,Cap-aux-Meules,5,CA,1561502827,54,47.38,-61.86,57.2,8.05
251,Innisfail,75,CA,1561503026,72,52.02,-113.95,59.0,6.93
252,Porto Belo,0,BR,1561503026,78,-27.15,-48.54,77.0,5.82
253,Hof,25,DE,1561503030,57,50.32,11.92,73.99,1.99
254,Kirensk,56,RU,1561503031,42,57.78,108.12,69.19,14.07
255,Tucurui,100,BR,1561503032,72,-3.77,-49.67,76.03,2.01
256,Rabo de Peixe,40,PT,1561503032,77,37.8,-25.58,66.2,12.75
257,Osa,13,RU,1561503032,87,57.28,55.46,45.25,4.92
258,Contai,75,IN,1561503033,74,21.78,87.75,83.77,14.16
259,Zhangye,100,CN,1561503033,52,38.94,100.46,61.99,8.25
260,Tomino,75,RU,1561503033,87,54.95,61.17,55.4,8.95
261,Tura,100,IN,1561503033,85,25.52,90.21,80.17,10.31
262,Kiunga,97,PG,1561503034,87,-6.12,141.3,76.57,5.26
263,Saldanha,29,PT,1561503034,73,41.42,-6.55,63.07,2.19
264,Salinas,1,US,1561502806,50,36.67,-121.66,87.01,23.04
265,Arkadelphia,20,US,1561502982,55,34.12,-93.05,89.6,5.82
266,Ostrovnoy,26,RU,1561503034,75,68.05,39.51,43.27,3.27
267,Maldonado,40,UY,1561502786,53,-34.91,-54.96,50.0,18.34
268,Abu Samrah,0,SY,1561503035,45,35.3,37.18,78.19,8.86
269,Mar del Plata,81,AR,1561503035,57,-46.43,-67.52,42.01,16.87
270,Ust-Omchug,100,RU,1561503035,47,61.13,149.63,56.59,6.38
271,Batemans Bay,94,AU,1561503035,82,-35.71,150.18,54.0,3.0
272,Ketchikan,1,US,1561503035,56,55.34,-131.65,68.0,14.99
273,Ambilobe,94,MG,1561503036,83,-13.19,49.05,72.25,3.62
274,Coquimbo,0,CL,1561503036,76,-29.95,-71.34,53.6,9.17
275,Yerbogachen,17,RU,1561503036,53,61.28,108.01,70.63,5.48
276,Norman Wells,90,CA,1561503036,81,65.28,-126.83,51.8,14.99
277,Salinopolis,35,BR,1561503036,76,-0.61,-47.36,82.15,16.28
278,Atar,0,MR,1561503037,12,20.52,-13.05,96.01,16.28
279,Harrisburg,1,US,1561502854,39,40.27,-76.89,84.2,12.75
280,Yangambi,87,CD,1561503037,97,0.77,24.47,69.73,2.66
281,Grafton,82,AU,1561503037,82,-29.69,152.93,57.2,8.05
282,Solnechnyy,89,RU,1561503038,68,50.72,136.64,52.09,6.71
283,Namibe,75,AO,1561503038,84,-15.19,12.15,64.15,13.38
284,Krasnyye Baki,0,RU,1561503038,81,57.13,45.16,43.99,3.38
285,Port Blair,100,IN,1561502993,79,11.67,92.75,82.87,20.98
286,Pamekasan,2,ID,1561502799,80,-7.16,113.47,76.93,5.46
287,Southbridge,90,US,1561503031,100,42.08,-72.03,73.0,8.05
288,Korhogo,94,CI,1561503039,90,9.46,-5.63,74.59,6.82
289,Hirara,40,JP,1561503039,88,24.8,125.28,80.6,3.36
290,Vao,100,EE,1561503039,74,59.1,26.19,56.77,5.84
291,Atambua,0,ID,1561503039,68,-9.11,124.89,75.49,15.7
292,Belfast,15,GB,1561503040,87,54.6,-5.93,57.2,4.7
293,Grand Gaube,75,MU,1561503043,83,-20.01,57.66,73.4,10.29
294,Broken Hill,0,AU,1561503043,81,-31.97,141.45,44.6,8.05
295,Marawi,100,PH,1561503044,90,8.0,124.29,77.0,5.01
296,Camocim,26,BR,1561502873,94,-2.9,-40.84,72.61,5.77
297,Georgiyevka,82,RU,1561503044,81,52.25,40.45,54.61,7.16
298,Anguillara Sabazia,0,IT,1561503044,83,42.08,12.28,78.01,4.7
299,Lokomotivnyy,7,RU,1561503044,85,53.01,60.57,52.99,10.71
300,Prachuap Khiri Khan,100,TH,1561503045,95,11.81,99.79,74.05,7.11
301,Felanitx,0,ES,1561503045,83,39.47,3.15,78.8,6.93
302,Margate,0,AU,1561503045,86,-43.03,147.26,39.99,8.05
303,Omagari,75,JP,1561503045,93,39.45,140.48,62.6,3.36
304,Bela,9,PK,1561503046,66,26.23,66.31,81.25,5.08
305,Hobyo,35,SO,1561503046,75,5.35,48.53,76.75,17.9
306,Malanje,0,AO,1561503046,73,-9.54,16.35,58.21,3.22
307,Wucheng,85,CN,1561503046,99,29.09,119.57,78.01,1.9
308,Quatre Cocos,75,MU,1561503047,83,-20.21,57.76,73.4,10.29
309,Kautokeino,97,NO,1561503018,70,69.01,23.04,45.61,14.0
310,Klenovyy,8,UA,1561503047,80,48.12,39.46,59.11,6.4
311,Kimbe,86,PG,1561503047,63,-5.56,150.15,85.75,4.76
312,Sundsvall,100,SE,1561503047,100,62.39,17.31,57.99,3.11
313,Guozhen,24,CN,1561503047,82,29.3,113.14,77.65,3.06
314,Yamethin,98,MM,1561503048,80,20.43,96.14,79.27,14.92
315,Ahipara,46,NZ,1561503048,74,-35.17,173.16,58.21,10.54
316,Alta,100,NO,1561503048,66,69.97,23.27,53.6,9.17
317,Tortoli,5,IT,1561503048,60,39.93,9.66,75.2,9.17
318,Tondano,20,ID,1561503048,94,1.3,124.91,73.4,3.36
319,Swellendam,72,ZA,1561503049,72,-34.02,20.44,60.8,19.46
320,Bandarbeyla,65,SO,1561503049,64,9.49,50.81,79.09,22.53
321,Port Shepstone,70,ZA,1561503050,91,-30.74,30.45,52.81,3.38
322,Guaruja,0,BR,1561502957,46,-23.99,-46.26,73.4,4.7
323,Bogale,79,MM,1561503050,84,16.29,95.4,81.07,3.33
324,Gwanda,0,ZW,1561503050,91,-20.94,29.0,54.25,8.03
325,Yumen,100,CN,1561503050,33,40.29,97.04,69.37,4.47
326,Sanandaj,0,IR,1561503051,32,35.31,47.0,68.0,3.47
327,Salym,100,RU,1561503051,78,60.06,71.48,47.95,8.46
328,Martyush,86,RU,1561503051,92,56.4,61.89,51.19,10.0
329,Te Anau,2,NZ,1561503051,70,-45.41,167.72,43.27,7.43
330,Syracuse,40,US,1561502872,50,43.05,-76.15,80.6,12.75
331,Hammerfest,75,NO,1561503052,87,70.66,23.68,46.4,21.92
332,Ndago,93,UG,1561503052,96,-0.97,29.98,62.53,1.99
333,Anadyr,40,RU,1561503052,53,64.73,177.51,51.8,8.95
334,De Land,1,US,1561503053,51,40.12,-88.65,84.99,19.46
335,Phan Thiet,89,VN,1561503053,85,10.93,108.1,78.19,4.38
336,Chikitigarh,47,IN,1561503053,80,19.2,84.62,79.27,2.33
337,Nanortalik,90,GL,1561503053,85,60.14,-45.24,44.89,7.02
338,Mwinilunga,0,ZM,1561503057,49,-11.73,24.43,53.71,5.03
339,Cartagena,90,ES,1561503057,78,37.63,-1.0,75.2,9.17
340,Bethel,75,US,1561503058,63,60.79,-161.76,66.2,6.93
341,Victor Harbor,0,AU,1561503058,66,-35.55,138.62,54.0,6.93
342,Miri,33,NG,1561503058,80,10.31,9.75,74.77,5.91
343,Porterville,1,US,1561502879,16,36.07,-119.02,98.01,10.29
344,Northam,20,GB,1561503059,100,51.04,-4.21,63.0,4.7
345,Puerto Escondido,40,MX,1561503059,52,15.86,-97.07,89.6,11.41
346,Konongo,99,GH,1561503059,99,6.62,-1.21,69.19,3.53
347,Smithers,75,CA,1561503060,45,54.78,-127.17,68.0,8.05
348,Oltu,0,TR,1561503060,97,40.55,42.0,52.63,1.43
349,Bahir Dar,0,ET,1561503060,88,11.59,37.39,58.93,3.71
350,Katsuura,75,JP,1561503060,88,33.93,134.5,73.99,11.41
351,Myitkyina,100,MM,1561503061,99,25.38,97.4,72.43,1.32
352,Guaraniacu,87,BR,1561503061,85,-25.1,-52.88,60.37,3.4
353,Oktyabrskoye,0,RU,1561503061,81,56.73,85.44,61.0,2.24
354,Yarada,0,IN,1561503061,83,17.65,83.27,82.15,1.41
355,Warmbad,14,DE,1561503061,69,50.67,13.08,75.0,2.24
356,San Andres,99,PH,1561503062,84,13.32,122.68,82.51,2.82
357,Hamina,100,FI,1561503062,51,60.57,27.2,62.6,8.05
358,Kaitangata,0,NZ,1561503062,70,-46.28,169.85,43.0,5.01
359,Gizo,0,IL,1561503063,83,31.8,34.94,78.8,3.36
360,Mahon,75,IE,1561503063,93,51.89,-8.4,60.8,2.24
361,Saint-Philippe,90,CA,1561503063,88,45.36,-73.48,77.0,5.82
362,Curup,68,ID,1561503063,94,-3.47,102.53,64.69,3.87
363,Anito,96,PH,1561503064,80,12.45,125.29,82.87,4.7
364,Ugra,98,RU,1561503064,80,54.78,34.32,54.79,3.67
365,Brae,70,GB,1561503064,81,60.4,-1.35,50.0,8.05
366,Manggar,40,ID,1561503064,91,-2.88,108.27,79.09,4.41
367,Iranshahr,0,IR,1561503065,43,27.21,60.69,76.57,1.28
368,Cockburn Town,39,TC,1561503065,80,21.46,-71.14,81.07,15.17
369,Talaya,0,RU,1561503065,81,55.79,84.89,57.0,2.24
370,Dawson,1,US,1561503065,48,39.85,-89.46,86.0,16.11
371,Zhezkazgan,51,KZ,1561503065,25,47.8,67.71,75.85,5.12
372,Golden,40,CA,1561503066,32,51.3,-116.96,69.8,4.7
373,Cayenne,0,GF,1561503066,88,4.94,-52.33,78.8,4.32
374,Manzil Kamil,0,TN,1561503066,94,35.62,10.67,77.0,5.82
375,Bodaybo,4,RU,1561503067,56,57.85,114.2,62.89,2.91
376,Tinde,84,TZ,1561503067,63,-3.87,33.2,71.17,8.21
377,Lakes Entrance,0,AU,1561503070,93,-37.88,147.99,23.0,3.22
378,Caravelas,0,BR,1561503070,81,-17.73,-39.27,71.89,7.31
379,Moron,61,VE,1561503071,94,10.49,-68.2,73.33,1.92
380,Mehamn,100,NO,1561503071,90,71.03,27.85,44.17,22.53
381,Ubinskoye,25,RU,1561503071,81,55.31,79.68,58.75,11.48
382,Teixoso,15,PT,1561503072,93,40.31,-7.46,56.95,0.38
383,Yabrud,0,SY,1561503072,44,33.97,36.66,78.8,9.17
384,Jumla,66,NP,1561503072,90,29.28,82.18,51.55,3.49
385,Murchison,0,AU,1561503073,92,-36.62,145.22,43.0,6.51
386,Charters Towers,6,AU,1561503073,40,-20.07,146.27,63.61,11.32
387,Porto Novo,0,BR,1561503073,49,-23.68,-45.44,73.4,4.7
388,Djenne,100,ML,1561503073,32,13.91,-4.55,95.47,10.29
389,Alofi,75,NU,1561503074,74,-19.06,-169.92,78.8,14.99
390,Ilawe,72,NG,1561503074,96,7.87,4.43,72.79,4.43
391,Ayan,0,TR,1561503074,87,40.67,33.6,58.39,3.36
392,Mount Isa,0,AU,1561503074,34,-20.73,139.49,51.8,4.7
393,Saint Anthony,1,US,1561503075,23,43.97,-111.68,80.6,14.99
394,Tuatapere,96,NZ,1561503075,82,-46.13,167.69,44.01,5.99
395,Nome,90,US,1561503075,94,30.04,-94.42,75.0,8.05
396,Ankang,67,CN,1561502840,85,32.73,108.99,71.35,2.35
397,Chachapoyas,98,PE,1561503075,91,-6.23,-77.87,56.05,4.38
398,Meulaboh,100,ID,1561503076,66,4.14,96.13,83.41,7.27
399,Gigmoto,50,PH,1561503076,73,13.78,124.39,85.03,8.16
400,Beian,20,NO,1561503076,87,63.66,9.57,51.01,10.29
401,Krasnoarmeysk,0,RU,1561503077,67,56.12,38.15,63.0,4.72
402,Ancud,90,CL,1561503077,100,-41.87,-73.83,44.6,16.11
403,Banda Aceh,98,ID,1561503078,70,5.56,95.32,83.95,12.53
404,Vernon,1,CA,1561502896,27,50.27,-119.27,77.0,6.93
405,Mbanza-Ngungu,5,CD,1561503078,87,-5.25,14.87,65.05,3.96
406,Huayang,76,CN,1561503078,80,23.62,115.49,80.53,1.59
407,Kirakira,53,SB,1561503078,70,-10.46,161.92,84.31,4.12
408,Humaita,90,AR,1561503079,87,-24.93,-65.37,48.2,2.24
409,Waingapu,4,ID,1561503079,76,-9.65,120.26,71.53,14.67
410,Namatanai,100,PG,1561503079,77,-3.66,152.44,81.43,11.56
411,Ovre Ardal,100,NO,1561503079,95,61.32,7.8,47.41,1.12
412,Baykalovo,40,RU,1561503080,81,64.58,40.26,51.8,2.24
413,Erzin,75,TR,1561503080,100,36.95,36.2,79.0,0.98
414,Kavieng,90,PG,1561503080,74,-2.57,150.8,85.03,18.03
415,Agadez,1,NE,1561503080,35,16.97,7.99,86.0,5.55
416,Esperance,20,TT,1561503080,66,10.24,-61.45,84.2,11.41
417,Alice Springs,0,AU,1561503081,50,-23.7,133.88,33.8,5.82
418,Boditi,89,ET,1561503084,93,6.95,37.86,60.73,1.41
419,Waipawa,0,NZ,1561503084,70,-39.94,176.59,50.65,5.35
420,Cap Malheureux,75,MU,1561503085,83,-19.98,57.61,73.4,10.29
421,Barao de Melgaco,0,BR,1561503085,40,-16.19,-55.97,86.0,5.82
422,Garden City,20,US,1561502852,83,40.73,-73.63,87.01,6.93
423,Taitung,75,TW,1561503086,83,22.76,121.15,78.8,3.36
424,Grand-Santi,77,GF,1561503086,99,4.27,-54.38,73.33,2.37
425,Bayir,0,TR,1561503086,73,37.27,28.22,77.0,2.24
426,Bollnas,100,SE,1561503087,98,61.35,16.39,51.19,3.4
427,Shimoda,75,JP,1561503087,94,34.7,138.93,77.0,2.24
428,Voskresenskoye,0,RU,1561503087,87,56.84,45.43,43.99,3.65
429,Alta Floresta,62,BR,1561503087,60,-9.87,-56.08,73.51,1.63
430,Nizwa,0,OM,1561503088,43,22.93,57.53,78.19,1.34
431,Jablah,0,SY,1561503088,73,35.36,35.93,75.2,3.36
432,Havelock,1,US,1561503036,32,34.88,-76.9,93.2,12.75
433,Chany,71,RU,1561503088,91,55.31,76.76,62.35,11.12
434,Tual,38,ID,1561503089,83,-5.67,132.75,78.73,23.64
435,Cotonou,90,BJ,1561503089,90,6.37,2.43,75.67,5.1
436,Lamar,1,US,1561502909,16,38.09,-102.62,91.99,9.17
437,Helong,47,CN,1561503089,91,25.94,116.13,74.41,0.92
438,Chama,15,ZM,1561503089,68,-11.22,33.16,60.01,1.41
439,San Cristobal,75,EC,1561503090,63,-0.39,-78.55,66.2,13.87
440,Milledgeville,1,US,1561503009,55,33.08,-83.23,90.0,5.82
441,Port Angeles,75,US,1561503090,67,48.12,-123.43,72.0,11.41
442,Nuuk,75,GL,1561503090,87,64.17,-51.74,50.0,5.82
443,Aiken,1,US,1561503090,61,33.56,-81.72,91.0,8.05
444,Kutum,84,SD,1561503091,49,14.2,24.66,78.01,4.59
445,Port Hedland,21,AU,1561503091,47,-20.31,118.58,55.4,9.17
446,Turukhansk,50,RU,1561503091,56,65.8,87.96,48.49,7.07
447,Katsina,61,NG,1561503092,63,12.99,7.6,78.37,13.58
448,Solenzo,98,BF,1561503092,59,12.18,-4.08,83.95,5.64
449,Kuryk,2,KZ,1561503092,49,43.18,51.68,78.01,4.74
450,Sitka,0,US,1561503092,52,37.17,-99.65,89.01,13.0
451,Barreirinhas,2,BR,1561503093,97,-2.75,-42.83,73.15,3.6
452,Athmallik,24,IN,1561503093,77,20.72,84.53,81.61,2.57
453,Moose Factory,90,CA,1561503093,93,51.26,-80.61,66.2,8.05
454,Walvis Bay,38,NA,1561503093,87,-22.95,14.51,52.0,5.82
455,Bathsheba,20,BB,1561503094,74,13.22,-59.52,82.4,18.34
456,Bonavista,61,CA,1561503094,86,48.65,-53.11,50.0,1.01
457,Oranjemund,3,ZA,1561503094,92,-28.55,16.43,55.15,3.91
458,Bantou,72,CN,1561503094,92,26.22,117.49,73.33,0.98
459,Nantai,64,CN,1561503259,88,36.41,105.98,58.21,7.85
460,San Francisco,20,US,1561503194,77,37.78,-122.42,80.01,8.05
461,Awjilah,0,LY,1561503261,48,29.14,21.3,79.09,14.14
462,Palu,0,ID,1561503261,85,-0.9,119.87,78.37,2.19
463,Cherepovets,80,RU,1561503261,79,59.13,37.92,48.31,3.65
464,Mackenzie,90,CA,1561503261,67,55.34,-123.09,62.6,3.36
465,Osorno,90,CL,1561503261,93,-40.57,-73.14,46.4,9.17
466,Beawar,7,IN,1561503262,62,26.1,74.31,85.93,14.61
467,Las Palmas,20,PE,1561503262,290,-6.53,-76.35,62.6,4.7
468,Miram Shah,0,PK,1561503263,56,33.01,70.07,75.85,1.88
469,Wichita Falls,1,US,1561503189,38,33.91,-98.49,93.2,14.99
470,Goiatuba,31,BR,1561503263,54,-18.02,-49.36,70.09,1.63
471,Boa Vista,40,BR,1561503264,74,2.82,-60.67,80.6,6.93
472,Byron Bay,75,AU,1561503040,100,-28.65,153.62,59.0,6.93
473,Kerema,99,PG,1561503265,83,-7.96,145.78,79.63,17.47
474,Panguna,84,PG,1561503265,71,-6.32,155.48,81.61,4.9
475,Pinawa,96,CA,1561503265,55,50.15,-95.88,71.53,9.19
476,Kyren,71,RU,1561503265,72,51.68,102.13,41.11,2.77
477,Volokolamsk,88,RU,1561503265,73,56.03,35.95,54.43,6.93
478,Nova Gorica,0,IT,1561503266,69,45.96,13.65,82.4,4.7
479,Noumea,75,NC,1561503266,83,-22.28,166.46,73.4,9.17
480,Severo-Kurilsk,100,RU,1561503266,93,50.68,156.12,43.81,18.07
481,Tucumcari,1,US,1561503061,8,35.17,-103.73,98.6,10.29
482,Pangnirtung,40,CA,1561503267,81,66.15,-65.72,42.8,9.17
483,Quirinopolis,1,BR,1561503214,55,-18.45,-50.45,70.27,3.67
484,Neepawa,75,CA,1561503482,41,50.23,-99.46,77.0,18.34
485,Rochester,40,US,1561503391,34,44.02,-92.46,82.4,19.46
486,Porecatu,0,BR,1561503483,36,-22.75,-51.38,78.8,3.49
487,Brookings,1,US,1561503275,39,44.31,-96.8,82.4,9.17
488,Tommot,43,RU,1561503483,68,58.97,126.27,62.89,4.03
489,Capreol,40,CA,1561503483,53,46.71,-80.92,73.0,18.34
490,Inuvik,75,CA,1561503484,75,68.36,-133.71,48.2,11.41
491,Mbini,40,GQ,1561503484,94,1.58,9.62,77.0,4.7
492,Vung Tau,100,VN,1561503484,83,10.35,107.08,81.25,6.31
493,Payo,40,ID,1561503386,84,-3.75,103.64,66.13,3.36
494,Cururupu,11,BR,1561503487,97,-1.82,-44.87,73.33,2.59
495,Sandakan,75,MY,1561503488,94,5.84,118.12,77.0,3.36
496,Kaeo,42,NZ,1561503488,96,-35.1,173.78,54.0,3.0
497,Lena,75,US,1561503489,73,32.59,-89.61,84.99,13.87
498,Haines Junction,68,CA,1561503489,39,60.75,-137.51,68.29,2.3
499,Port Moresby,40,PG,1561503489,78,-9.47,147.16,80.6,11.41
500,Bambanglipuro,1,ID,1561503489,87,-7.95,110.28,72.43,5.23
501,Kirkwall,48,GB,1561503490,81,58.98,-2.96,50.0,11.41
502,Harper,40,US,1561503195,48,30.3,-99.24,88.0,8.05
503,Litovko,100,RU,1561503490,89,49.24,135.18,53.71,6.11
504,Davila,75,PH,1561503490,88,18.47,120.58,78.8,5.82
505,Isangel,75,VU,1561503491,83,-19.55,169.27,78.8,9.17
506,Bilibino,57,RU,1561503422,21,68.06,166.44,61.27,13.44
507,Mount Gambier,31,AU,1561503491,100,-37.83,140.78,39.2,9.17
508,Weiser,1,US,1561503268,21,44.25,-116.97,82.4,5.88
509,Flinders,40,AU,1561503307,100,-34.58,150.85,57.0,8.05
510,Peoria,75,US,1561503445,51,40.69,-89.59,86.0,9.17
511,Conde,2,BR,1561503427,96,-11.81,-37.61,67.03,1.68
512,Tarpon Springs,20,US,1561503492,49,28.15,-82.76,93.99,11.41
513,Masuda,90,JP,1561503493,78,34.68,131.85,73.99,4.7
514,Henties Bay,70,NA,1561503493,92,-22.12,14.28,52.0,2.75
515,Port Hardy,40,CA,1561503493,63,50.7,-127.42,64.4,8.05
516,Sao Felix do Xingu,39,BR,1561503494,67,-6.64,-51.99,75.31,3.62
517,Verkhnevilyuysk,0,RU,1561503494,67,63.45,120.31,67.75,4.54
518,Trairi,1,BR,1561503400,91,-3.28,-39.27,70.27,3.4
519,Lorengau,67,PG,1561503494,79,-2.02,147.27,82.69,6.02
520,Kalianget,0,ID,1561503495,69,-7.74,113.68,68.83,1.45
521,Peniche,0,PT,1561503495,88,39.36,-9.38,64.4,6.93
522,Kjollefjord,100,NO,1561503495,89,70.95,27.35,45.07,19.69
523,Kieta,100,PG,1561503495,76,-6.22,155.63,83.05,7.74
524,Zambezi,0,ZM,1561503495,46,-13.55,23.12,55.87,3.15
525,Timbiqui,100,CO,1561503496,83,2.77,-77.67,80.35,11.01
526,Mahanoro,11,MG,1561503496,97,-19.9,48.8,61.63,2.71
527,Fort Nelson,75,CA,1561503420,36,58.81,-122.69,77.0,9.17
528,Kayes,0,ML,1561503496,15,14.44,-11.44,94.93,9.22
529,Serra Talhada,94,BR,1561503496,75,-7.99,-38.29,70.63,10.8
530,Racine,5,US,1561503497,64,42.73,-87.78,81.0,12.75
531,Coihaique,90,CL,1561503497,80,-45.58,-72.07,41.0,4.7
532,San Quintin,100,PH,1561503497,78,17.54,120.52,80.71,2.86
533,Kanniyakumari,97,IN,1561503436,81,8.08,77.57,81.25,21.59
534,Yatou,75,CM,1561503498,100,3.63,9.81,77.0,1.12
535,Ponta Delgada,40,PT,1561503501,77,37.73,-25.67,66.2,12.75
536,Merritt,75,CA,1561503501,29,50.11,-120.79,77.0,2.24
537,Doha,0,QA,1561503502,70,25.29,51.53,89.6,3.36
538,Kolochava,0,UA,1561503502,92,48.43,23.7,59.47,3.06
539,Hohhot,40,CN,1561503503,77,40.81,111.65,64.4,4.47
540,Lithgow,90,AU,1561503503,100,-33.48,150.16,55.99,8.52
541,Saint-Augustin,0,FR,1561503503,78,44.83,-0.61,73.99,5.82
542,Mareeba,90,AU,1561503506,73,-16.99,145.42,71.6,17.22
543,Boulder City,1,US,1561503302,6,35.98,-114.83,100.4,21.92
544,Bosobolo,96,CD,1561503507,96,4.19,19.88,67.57,1.57
545,Deputatskiy,0,RU,1561503508,33,69.3,139.9,70.63,17.63
546,Novikovo,29,UA,1561503508,84,45.05,34.56,66.85,4.88
547,Aripuana,88,BR,1561503508,66,-9.17,-60.63,78.55,1.74
548,Pedasi,100,PA,1561503509,81,7.53,-80.03,78.01,1.01
549,Valley City,20,US,1561503509,44,46.92,-98.0,78.8,18.34
550,Jiexiu,67,CN,1561503509,49,37.02,111.92,71.53,3.2
551,Rio Gallegos,75,AR,1561503510,55,-51.62,-69.22,37.4,13.87
552,Kiama,40,AU,1561503510,100,-34.67,150.86,57.0,8.05
553,Goderich,0,CA,1561503510,60,43.74,-81.71,75.0,8.99
554,New Ipswich,90,US,1561503511,94,42.75,-71.85,71.6,4.7
555,Babra,100,IN,1561503511,83,21.84,71.3,79.63,5.99
556,Cedar City,1,US,1561503511,9,37.68,-113.06,86.0,20.8
557,Adrar,0,DZ,1561503511,6,27.87,-0.29,98.6,6.93
558,Panaba,38,MX,1561503514,74,21.28,-88.27,80.53,14.43
559,Bukachacha,99,RU,1561503515,51,52.99,116.91,66.13,10.85
560,Calatayud,90,ES,1561503515,88,41.35,-1.64,78.8,4.7
561,Vila Velha,20,BR,1561503435,78,-3.71,-38.6,80.6,9.17
562,Fez,0,MA,1561503516,49,34.03,-5.02,71.6,8.05
563,Pathein,80,MM,1561503516,87,16.78,94.73,80.35,2.57
564,Kenda,0,DZ,1561503517,22,35.66,5.57,78.8,5.82
565,Sibu,75,MY,1561503517,94,2.29,111.83,77.0,1.12
566,Paamiut,100,GL,1561503518,99,61.99,-49.67,39.49,7.31
567,Yantal,95,RU,1561503518,50,56.85,105.25,65.05,10.49
568,Zyryanka,0,RU,1561503518,26,65.73,150.89,76.75,8.39
569,Bilma,22,NE,1561503518,23,18.69,12.92,88.81,4.27
